{"cameraMode":{"drawMode":0,"name":"Shaded","section":"Shading Mode"},"sceneLighting":false,"audioPlay":false,"sceneViewState":{"showFog":true,"showMaterialUpdate":false,"showSkybox":false,"showFlares":true,"showImageEffects":true,"showParticleSystems":true},"in2DMode":false,"pivot":{"x":-74.9000015258789,"y":16.1200008392334,"z":-15.699999809265137},"rotation":{"x":-0.001062249531969428,"y":-0.7060446739196777,"z":-0.0010590681340545416,"w":0.7081657648086548},"size":2.8578855991363527,"orthographic":true}