{"cameraMode":{"drawMode":0,"name":"Shaded","section":"Shading Mode"},"sceneLighting":false,"audioPlay":false,"sceneViewState":{"showFog":true,"showMaterialUpdate":false,"showSkybox":true,"showFlares":true,"showImageEffects":true,"showParticleSystems":true},"in2DMode":false,"pivot":{"x":0.10000000149011612,"y":-0.04750000312924385,"z":2.7074999809265138},"rotation":{"x":-0.001062249531969428,"y":-0.7060446739196777,"z":-0.0010590681340545416,"w":0.7081657648086548},"size":2.870422124862671,"orthographic":true}